id,first_name,last_name,email,gender,ip_address
1,Harlan,Linturn,hlinturn0@xinhuanet.com,Male,204.144.128.90
2,Karine,Ravel,kravel1@plala.or.jp,Female,235.168.221.58
3,Marybeth,Buddles,mbuddles2@apache.org,Female,115.110.141.207
4,Dew,Zanolli,dzanolli3@creativecommons.org,Male,50.233.57.105
5,Doug,Whild,dwhild4@xing.com,Male,232.244.130.37
6,Rachel,Inston,rinston5@fema.gov,Female,33.195.29.212
7,Monah,Silverson,msilverson6@prlog.org,Female,95.47.103.95
8,Lovell,Gigg,lgigg7@skyrock.com,Male,253.109.199.74
9,Xever,Banger,xbanger8@mlb.com,Male,0.105.132.93
10,Myrvyn,Gallegos,mgallegos9@imageshack.us,Bigender,72.249.225.137
11,Albert,Gritland,agritlanda@nymag.com,Male,112.4.209.102
12,Caesar,Britten,cbrittenb@nationalgeographic.com,Male,150.127.186.97
13,Netti,Goulder,ngoulderc@ustream.tv,Female,18.158.10.91
14,Isaac,Collings,icollingsd@geocities.com,Male,96.72.93.85
15,Cornell,Frickey,cfrickeye@google.com.au,Male,163.228.89.128
16,Ira,Antoniewicz,iantoniewiczf@squidoo.com,Non-binary,113.241.132.167
17,Sascha,Abrahamoff,sabrahamoffg@ft.com,Female,58.180.249.59
18,Trey,Carwithim,tcarwithimh@redcross.org,Male,66.19.104.138
19,Lyon,Reston,lrestoni@fc2.com,Male,89.97.150.116
20,Staffard,Learmond,slearmondj@tripod.com,Male,127.76.139.203
21,Krystyna,Goodbar,kgoodbark@spotify.com,Female,177.248.170.79
22,Ashlen,Antoney,aantoneyl@sphinn.com,Female,124.201.179.72
23,Teador,Thomazin,tthomazinm@booking.com,Male,169.205.91.204
24,Scott,Mallard,smallardn@usgs.gov,Male,249.226.137.174
25,Hunter,Grevatt,hgrevatto@marketwatch.com,Genderfluid,197.125.249.55
26,Meriel,Gornall,mgornallp@indiatimes.com,Female,69.230.8.163
27,Sonnie,Van Der Hoog,svanderhoogq@infoseek.co.jp,Female,148.171.98.52
28,Millisent,Walworth,mwalworthr@walmart.com,Female,188.252.21.205
29,Witty,Misson,wmissons@ocn.ne.jp,Male,231.76.81.142
30,Kendricks,Cudde,kcuddet@studiopress.com,Male,178.34.40.103
31,Dacy,Glentworth,dglentworthu@icq.com,Polygender,188.68.14.106
32,Christoffer,Lagen,clagenv@nps.gov,Male,25.86.170.134
33,Jasmine,Reddel,jreddelw@xinhuanet.com,Genderqueer,121.120.64.218
34,Billie,Cadden,bcaddenx@dailymotion.com,Genderfluid,13.11.75.170
35,Jean,Alfonsini,jalfonsiniy@list-manage.com,Male,12.35.225.62
36,Ashli,Labeuil,alabeuilz@bing.com,Female,165.189.12.7
37,Brenn,Colliss,bcolliss10@cdc.gov,Female,6.41.193.17
38,Birdie,Ivanchin,bivanchin11@sogou.com,Female,149.38.61.64
39,Abrahan,Stiegers,astiegers12@ning.com,Male,131.8.38.216
40,Cori,Bruhnicke,cbruhnicke13@shareasale.com,Female,104.229.238.105
41,Kali,Doring,kdoring14@youku.com,Female,245.88.198.13
42,Traci,Perone,tperone15@amazon.co.uk,Female,135.176.90.165
43,Arlyn,Celez,acelez16@intel.com,Female,255.81.98.41
44,Rupert,Brach,rbrach17@hubpages.com,Male,125.19.226.38
45,Courtney,Ropp,cropp18@umn.edu,Male,34.248.150.160
46,Gonzales,Skittrell,gskittrell19@privacy.gov.au,Male,183.196.227.195
47,Shepherd,Ridgewell,sridgewell1a@g.co,Male,97.209.99.22
48,Merrile,Botly,mbotly1b@upenn.edu,Female,15.171.203.71
49,Salem,Breston,sbreston1c@adobe.com,Male,61.240.183.104
50,Sue,Cattell,scattell1d@nsw.gov.au,Female,120.124.202.101
51,Parrnell,Plampeyn,pplampeyn1e@blogspot.com,Bigender,35.104.144.2
52,Jemmy,Dyet,jdyet1f@blinklist.com,Female,147.122.219.180
53,Stewart,Charpling,scharpling1g@marketwatch.com,Male,44.37.150.109
54,Malena,Winley,mwinley1h@ed.gov,Female,219.36.201.170
55,Tracy,Jowle,tjowle1i@google.com.au,Female,137.85.121.31
56,Egbert,Caven,ecaven1j@pinterest.com,Male,59.149.162.225
57,Ravid,Stetlye,rstetlye1k@addthis.com,Male,172.126.174.214
58,Anthony,Maccari,amaccari1l@sakura.ne.jp,Male,253.148.186.3
59,Jourdan,Hague,jhague1m@cdbaby.com,Female,1.173.137.252
60,Antonio,Smetoun,asmetoun1n@topsy.com,Male,6.42.53.194
61,Duncan,Lewty,dlewty1o@skyrock.com,Male,217.39.65.120
62,Patrice,Wehden,pwehden1p@domainmarket.com,Female,178.255.94.51
63,Dionis,Pippard,dpippard1q@smugmug.com,Female,47.75.142.204
64,Kayley,Pedrol,kpedrol1r@xrea.com,Female,251.87.239.249
65,Clarie,Benns,cbenns1s@nasa.gov,Female,140.133.5.213
66,Palmer,Heining,pheining1t@whitehouse.gov,Male,190.255.85.60
67,Gustavus,Kedslie,gkedslie1u@slideshare.net,Male,76.10.140.173
68,Maynord,Helix,mhelix1v@samsung.com,Male,62.143.68.63
69,Corry,Greville,cgreville1w@vistaprint.com,Female,172.160.164.229
70,Tadio,Glawsop,tglawsop1x@tinypic.com,Male,209.146.1.234
71,Peg,Jordon,pjordon1y@ustream.tv,Female,244.3.156.148
72,Sumner,Brownstein,sbrownstein1z@mapquest.com,Male,205.45.74.159
73,Dicky,Fierman,dfierman20@washingtonpost.com,Male,174.117.55.142
74,Odey,O'Fallon,oofallon21@infoseek.co.jp,Male,252.202.68.129
75,Killian,Atte-Stone,kattestone22@mapy.cz,Male,127.81.167.19
76,Sutherland,Barnshaw,sbarnshaw23@123-reg.co.uk,Male,121.252.67.152
77,Linette,Wagstaff,lwagstaff24@cloudflare.com,Female,148.132.166.184
78,Anatola,Agus,aagus25@boston.com,Female,78.59.112.126
79,Ardith,Deeves,adeeves26@mediafire.com,Female,178.81.223.103
80,Misha,Touson,mtouson27@paginegialle.it,Female,102.71.224.120
81,Lowell,Valencia,lvalencia28@ifeng.com,Male,7.76.33.19
82,Roderich,Zorzutti,rzorzutti29@redcross.org,Genderfluid,61.176.216.211
83,Theodosia,Myrie,tmyrie2a@instagram.com,Female,190.57.144.20
84,Shina,Lund,slund2b@shareasale.com,Female,234.27.132.169
85,Demetri,Moxley,dmoxley2c@tmall.com,Male,50.247.53.104
86,Megen,Arkley,markley2d@histats.com,Female,13.147.150.199
87,Katrinka,Hiers,khiers2e@globo.com,Female,70.30.116.37
88,Marvin,Downing,mdowning2f@sun.com,Male,117.91.43.110
89,Shelby,Feast,sfeast2g@blogtalkradio.com,Genderqueer,146.126.145.23
90,Tucker,Benit,tbenit2h@etsy.com,Polygender,24.2.230.100
91,Leicester,Critchley,lcritchley2i@hostgator.com,Male,220.254.18.50
92,Kesley,Abrahams,kabrahams2j@independent.co.uk,Female,30.12.89.24
93,Orbadiah,Hinchshaw,ohinchshaw2k@mozilla.org,Male,43.8.86.249
94,Tudor,Conrad,tconrad2l@craigslist.org,Male,212.35.25.45
95,Alexa,MacTrustrie,amactrustrie2m@techcrunch.com,Female,24.236.233.200
96,Hatty,Raoul,hraoul2n@theglobeandmail.com,Female,202.73.245.81
97,Ada,Minguet,aminguet2o@va.gov,Female,230.182.247.21
98,Stern,Stoven,sstoven2p@vistaprint.com,Male,199.68.168.191
99,Babita,Berceros,bberceros2q@msn.com,Genderqueer,234.83.174.229
100,Lilli,McGeaney,lmcgeaney2r@who.int,Female,250.106.46.30
101,Val,Sprackling,vsprackling2s@xinhuanet.com,Male,243.155.133.53
102,Bil,Noddle,bnoddle2t@usnews.com,Male,88.7.215.7
103,Mellicent,Tansly,mtansly2u@scientificamerican.com,Female,253.82.49.224
104,Dennet,Damato,ddamato2v@epa.gov,Male,67.255.194.169
105,Fredia,Oldham,foldham2w@google.co.uk,Female,33.150.168.130
106,Mathe,Langtree,mlangtree2x@mozilla.com,Male,90.196.84.196
107,Stuart,Hulland,shulland2y@networkadvertising.org,Male,84.152.205.16
108,Even,Jaquet,ejaquet2z@nationalgeographic.com,Agender,214.238.14.239
109,Hanny,Donne,hdonne30@people.com.cn,Female,75.185.10.48
110,Maegan,Querree,mquerree31@globo.com,Genderfluid,145.34.157.106
111,Sibylla,Cholton,scholton32@eepurl.com,Female,193.9.38.105
112,Elianore,Treher,etreher33@ow.ly,Female,234.208.32.30
113,Cornie,Wolfit,cwolfit34@globo.com,Female,91.85.88.248
114,Mair,Pietrzyk,mpietrzyk35@forbes.com,Female,61.181.162.186
115,Abby,Measey,ameasey36@typepad.com,Male,198.204.255.89
116,Aleksandr,Sharpus,asharpus37@1688.com,Male,250.106.253.89
117,Carlos,Smurfit,csmurfit38@google.ca,Male,84.121.138.185
118,Saundra,Hambleton,shambleton39@parallels.com,Female,194.202.199.230
119,Rosie,Egger,regger3a@fda.gov,Female,59.73.228.150
120,Yance,Sweeten,ysweeten3b@addthis.com,Male,252.56.28.168
121,Edan,Stonbridge,estonbridge3c@arstechnica.com,Polygender,243.75.6.7
122,Terri-jo,Mapletoft,tmapletoft3d@newsvine.com,Female,20.141.105.31
123,Corene,Brigden,cbrigden3e@hexun.com,Female,20.115.83.42
124,Antonina,Dougherty,adougherty3f@mapy.cz,Female,242.108.40.242
125,Paula,Jaegar,pjaegar3g@irs.gov,Female,121.178.57.24
126,Terza,Treadgold,ttreadgold3h@domainmarket.com,Female,235.29.240.118
127,Mortie,Wardrop,mwardrop3i@cbsnews.com,Male,86.102.21.233
128,Annabela,Olford,aolford3j@paypal.com,Female,184.38.27.47
129,Monah,Branche,mbranche3k@fc2.com,Female,72.217.24.124
130,Laurianne,Mealand,lmealand3l@opensource.org,Female,119.131.173.235
131,Sebastien,Hillock,shillock3m@eepurl.com,Male,7.100.206.55
132,Gottfried,Rudram,grudram3n@va.gov,Male,57.174.30.177
133,Stephie,Baggot,sbaggot3o@shinystat.com,Female,163.95.229.254
134,Adria,Pereira,apereira3p@zdnet.com,Female,24.130.10.183
135,Bev,Durtnall,bdurtnall3q@google.ru,Male,72.85.212.94
136,Raimund,Ruddiforth,rruddiforth3r@spiegel.de,Male,16.165.156.73
137,Averyl,Clearie,aclearie3s@yale.edu,Female,65.49.117.120
138,Kippar,Pigot,kpigot3t@nhs.uk,Male,232.165.145.0
139,Vin,Dowzell,vdowzell3u@1und1.de,Male,253.107.173.155
140,Xenos,Wilkenson,xwilkenson3v@washington.edu,Male,135.116.34.224
141,Dominik,Dyneley,ddyneley3w@forbes.com,Male,66.243.145.30
142,Kahlil,Borzone,kborzone3x@shutterfly.com,Male,44.154.123.140
143,Aldon,Petracchi,apetracchi3y@squarespace.com,Male,96.151.29.238
144,Eadie,MacLaren,emaclaren3z@marketwatch.com,Female,215.150.185.242
145,Edita,Baitey,ebaitey40@unblog.fr,Female,143.91.218.96
146,Lorene,Mennithorp,lmennithorp41@behance.net,Female,207.229.39.53
147,Juliette,Vasyutkin,jvasyutkin42@jimdo.com,Female,192.216.166.4
148,Glen,Edeler,gedeler43@pbs.org,Female,82.55.234.116
149,Adella,Hargerie,ahargerie44@hibu.com,Female,5.36.185.15
150,Murielle,Rableau,mrableau45@engadget.com,Female,186.63.210.44
151,Anna-diana,Bearcroft,abearcroft46@istockphoto.com,Female,56.214.130.39
152,Jessalin,Pickance,jpickance47@wired.com,Female,146.56.232.33
153,Alyss,Ruggs,aruggs48@nasa.gov,Female,220.165.165.41
154,Tish,Daish,tdaish49@istockphoto.com,Female,119.199.191.78
155,Shanie,Bayly,sbayly4a@jugem.jp,Female,189.205.117.77
156,Elberta,Facchini,efacchini4b@cocolog-nifty.com,Female,115.233.99.162
157,Hunfredo,Brennon,hbrennon4c@yellowbook.com,Male,251.140.21.80
158,Holt,Shakesby,hshakesby4d@hhs.gov,Male,243.10.159.7
159,Brad,Grigoire,bgrigoire4e@xing.com,Male,145.156.178.125
160,Erminie,Jenson,ejenson4f@dell.com,Female,139.66.89.131
161,Ariela,Woolward,awoolward4g@geocities.jp,Female,170.77.81.179
162,Drusilla,O'Dunneen,dodunneen4h@discuz.net,Female,197.69.209.218
163,Innis,Brewers,ibrewers4i@goo.gl,Male,236.57.174.254
164,Bryna,McCrackem,bmccrackem4j@artisteer.com,Female,241.27.25.46
165,Hogan,Everist,heverist4k@paginegialle.it,Male,168.95.37.40
166,Kate,Teacy,kteacy4l@lycos.com,Female,234.223.39.38
167,Bernelle,Stutt,bstutt4m@vimeo.com,Female,42.10.163.45
168,Betteann,Itzak,bitzak4n@gov.uk,Female,39.209.182.175
169,Arnold,Gidney,agidney4o@canalblog.com,Male,43.177.179.95
170,Dare,Speake,dspeake4p@live.com,Male,189.50.213.96
171,Claudie,Lowmass,clowmass4q@plala.or.jp,Female,155.242.68.84
172,Freddy,Abdy,fabdy4r@macromedia.com,Male,222.110.210.197
173,Ruddie,Ellsbury,rellsbury4s@smh.com.au,Male,169.23.45.3
174,Othelia,Dudenie,odudenie4t@disqus.com,Agender,117.245.114.113
175,Andre,Pleass,apleass4u@oaic.gov.au,Genderfluid,216.55.121.115
176,Sergei,Pury,spury4v@japanpost.jp,Male,209.50.77.31
177,Zachery,Kenyon,zkenyon4w@g.co,Male,245.66.26.83
178,Ike,Cottingham,icottingham4x@cnn.com,Male,175.220.150.10
179,Vikki,Stoves,vstoves4y@wp.com,Female,162.63.176.215
180,Nathaniel,Bread,nbread4z@berkeley.edu,Male,111.55.149.52
181,Carena,Chartre,cchartre50@netlog.com,Female,198.104.59.48
182,Reggi,Garter,rgarter51@deliciousdays.com,Female,78.242.222.94
183,Georgine,Ollcott,gollcott52@youku.com,Female,67.104.141.133
184,Anderson,Kilpatrick,akilpatrick53@pagesperso-orange.fr,Male,177.181.12.122
185,Kinnie,Setford,ksetford54@vistaprint.com,Male,188.176.166.184
186,Ann-marie,Clement,aclement55@4shared.com,Female,110.211.156.134
187,Lian,Livick,llivick56@ifeng.com,Female,113.65.7.107
188,Yancy,Butterly,ybutterly57@boston.com,Male,56.122.35.232
189,Rosemary,LAbbet,rlabbet58@umich.edu,Female,177.119.2.152
190,Sascha,Pires,spires59@themeforest.net,Non-binary,146.151.12.34
191,Ede,Colafate,ecolafate5a@tumblr.com,Female,92.40.216.130
192,Trenton,Densell,tdensell5b@pen.io,Male,211.157.42.32
193,Erie,Codd,ecodd5c@dailymotion.com,Male,229.232.175.77
194,Issi,Vevers,ivevers5d@quantcast.com,Female,137.71.195.65
195,Tarrah,Zelland,tzelland5e@hubpages.com,Non-binary,169.142.204.181
196,Aubree,Flacknoe,aflacknoe5f@timesonline.co.uk,Female,140.103.195.111
197,Woodie,Hatherill,whatherill5g@sina.com.cn,Male,82.129.55.124
198,Malchy,Buffham,mbuffham5h@unicef.org,Male,12.246.186.126
199,Yancey,Jandera,yjandera5i@bravesites.com,Male,160.218.214.102
200,David,Roomes,droomes5j@phoca.cz,Non-binary,124.13.237.62
